Project,Goal,Constraints,Problems,Lessons,Outcome
Falcon Telemetry Dashboard,Build a semantic search platform for internal documentation.,Large-scale streaming data with inconsistent formatting.,Network congestion created synchronization failures.,Data preprocessing mattered more than model complexity.,Deployment reduced operational overhead by 15%.
Orion Predictive Maintenance,Implement a computer vision system for quality inspection.,Legacy infrastructure compatibility requirements.,Authentication issues delayed deployment integration.,Buffering improved reliability. Timestamp normalization was critical.,Prototype demonstrated feasibility but required additional optimization.
Atlas Security Monitor,Create an optimization engine for logistics and scheduling.,Limited GPU resources and tight deployment deadlines.,Sensor calibration inconsistencies produced unreliable outputs.,Buffering improved reliability. Timestamp normalization was critical.,Deployment reduced operational overhead by 15%.
Nova Drone Coordination,Build a real-time dashboard for sensor telemetry.,Large-scale streaming data with inconsistent formatting.,Frequent API timeouts and incomplete telemetry packets.,Human review workflows were necessary for trust.,"Successful prototype, but not production-ready due to scaling issues."
Helios Manufacturing Vision,Design a recommendation engine for engineering workflows.,Strict security requirements and limited cloud access.,Frequent API timeouts and incomplete telemetry packets.,Hybrid rule-based safeguards improved reliability.,Project improved prediction accuracy after retraining pipeline updates.
Titan Logistics Optimizer,Implement a computer vision system for quality inspection.,Limited GPU resources and tight deployment deadlines.,Scaling bottlenecks appeared during stress testing.,Buffering improved reliability. Timestamp normalization was critical.,Project was paused pending additional security review.
Aegis Threat Detection,Build a semantic search platform for internal documentation.,Strict security requirements and limited cloud access.,Frequent API timeouts and incomplete telemetry packets.,Caching reduced latency significantly under production load.,"Successful prototype, but not production-ready due to scaling issues."
Apollo Energy Forecasting,Implement a computer vision system for quality inspection.,Real-time inference constraints under heavy load.,Network congestion created synchronization failures.,Data preprocessing mattered more than model complexity.,Deployment reduced operational overhead by 15%.
Vertex Retail Predictor,Implement a computer vision system for quality inspection.,Strict security requirements and limited cloud access.,Authentication issues delayed deployment integration.,Buffering improved reliability. Timestamp normalization was critical.,System achieved stable real-time performance in testing.
Neptune Asset Tracker,Build a semantic search platform for internal documentation.,Large-scale streaming data with inconsistent formatting.,Sensor calibration inconsistencies produced unreliable outputs.,Buffering improved reliability. Timestamp normalization was critical.,System achieved stable real-time performance in testing.
Phoenix Route Planner,Design a recommendation engine for engineering workflows.,Large-scale streaming data with inconsistent formatting.,Scaling bottlenecks appeared during stress testing.,Better schema validation prevented downstream failures.,Final deployment improved reliability across multiple teams.
Quantum Fraud Engine,Create an optimization engine for logistics and scheduling.,High throughput requirements with small engineering team.,Scaling bottlenecks appeared during stress testing.,Buffering improved reliability. Timestamp normalization was critical.,Prototype demonstrated feasibility but required additional optimization.
Sentinel Monitoring Platform,Create an optimization engine for logistics and scheduling.,Legacy infrastructure compatibility requirements.,Model drift caused unstable predictions over time.,Hybrid rule-based safeguards improved reliability.,Deployment reduced operational overhead by 15%.
Nimbus Cloud Cost Analyzer,Develop a chatbot assistant for internal support operations.,Limited GPU resources and tight deployment deadlines.,Network congestion created synchronization failures.,Caching reduced latency significantly under production load.,Project was paused pending additional security review.
Pulse Health Scheduler,Build a semantic search platform for internal documentation.,Large-scale streaming data with inconsistent formatting.,Poor training data quality reduced model accuracy.,Monitoring and logging were essential for debugging failures.,Prototype demonstrated feasibility but required additional optimization.
Stratus Weather Intelligence,Implement a computer vision system for quality inspection.,High throughput requirements with small engineering team.,Frequent API timeouts and incomplete telemetry packets.,Incremental deployment reduced operational risk.,"Successful prototype, but not production-ready due to scaling issues."
Voyager Fleet Analytics,Develop a chatbot assistant for internal support operations.,High throughput requirements with small engineering team.,Frequent API timeouts and incomplete telemetry packets.,Monitoring and logging were essential for debugging failures.,Deployment reduced operational overhead by 15%.
Echo Voice Transcriber,Develop an AI system for anomaly detection in operational data.,Real-time inference constraints under heavy load.,Network congestion created synchronization failures.,Caching reduced latency significantly under production load.,"Successful prototype, but not production-ready due to scaling issues."
Horizon Smart Traffic,Create a predictive analytics platform for maintenance forecasting.,High throughput requirements with small engineering team.,"WebSocket drops, noisy sensor values, inconsistent timestamps.",Better schema validation prevented downstream failures.,Pilot program succeeded but revealed infrastructure limitations.
Mercury Recommendation Engine,Design a recommendation engine for engineering workflows.,Real-time inference constraints under heavy load.,Network congestion created synchronization failures.,Buffering improved reliability. Timestamp normalization was critical.,Deployment reduced operational overhead by 15%.
Lynx Defect Detector,Build a real-time dashboard for sensor telemetry.,Large-scale streaming data with inconsistent formatting.,Scaling bottlenecks appeared during stress testing.,Incremental deployment reduced operational risk.,Final deployment improved reliability across multiple teams.
Sierra Edge Vision,Implement a computer vision system for quality inspection.,Edge-device deployment with restricted memory usage.,Poor training data quality reduced model accuracy.,Human review workflows were necessary for trust.,Project improved prediction accuracy after retraining pipeline updates.
Zenith Data Pipeline,Build a real-time dashboard for sensor telemetry.,Limited GPU resources and tight deployment deadlines.,Sensor calibration inconsistencies produced unreliable outputs.,Human review workflows were necessary for trust.,Final deployment improved reliability across multiple teams.
Artemis Satellite Classifier,Develop an AI system for anomaly detection in operational data.,"Low latency, unreliable network, limited compute.","WebSocket drops, noisy sensor values, inconsistent timestamps.",Incremental deployment reduced operational risk.,"Successful prototype, but not production-ready due to scaling issues."
Fusion Scheduling Engine,Develop an AI system for anomaly detection in operational data.,Limited GPU resources and tight deployment deadlines.,Authentication issues delayed deployment integration.,Incremental deployment reduced operational risk.,Final deployment improved reliability across multiple teams.
Cyclone Sensor Fusion,Create a predictive analytics platform for maintenance forecasting.,Large-scale streaming data with inconsistent formatting.,Sensor calibration inconsistencies produced unreliable outputs.,Buffering improved reliability. Timestamp normalization was critical.,Project improved prediction accuracy after retraining pipeline updates.
Comet Inventory Forecast,Build a semantic search platform for internal documentation.,Real-time inference constraints under heavy load.,"WebSocket drops, noisy sensor values, inconsistent timestamps.",Monitoring and logging were essential for debugging failures.,Pilot program succeeded but revealed infrastructure limitations.
Aurora Knowledge Graph,Implement a computer vision system for quality inspection.,Real-time inference constraints under heavy load.,Poor training data quality reduced model accuracy.,Buffering improved reliability. Timestamp normalization was critical.,Pilot program succeeded but revealed infrastructure limitations.
Ranger Inspection Drone,Develop a chatbot assistant for internal support operations.,Limited GPU resources and tight deployment deadlines.,Sensor calibration inconsistencies produced unreliable outputs.,Human review workflows were necessary for trust.,System achieved stable real-time performance in testing.
Vector Chat Assistant,Build a semantic search platform for internal documentation.,Legacy infrastructure compatibility requirements.,Network congestion created synchronization failures.,Buffering improved reliability. Timestamp normalization was critical.,"Successful prototype, but not production-ready due to scaling issues."
Beacon IoT Dashboard,Create a predictive analytics platform for maintenance forecasting.,Strict security requirements and limited cloud access.,"WebSocket drops, noisy sensor values, inconsistent timestamps.",Buffering improved reliability. Timestamp normalization was critical.,Project improved prediction accuracy after retraining pipeline updates.
Inferno Risk Analyzer,Develop a chatbot assistant for internal support operations.,"Low latency, unreliable network, limited compute.",Sensor calibration inconsistencies produced unreliable outputs.,Human review workflows were necessary for trust.,Project improved prediction accuracy after retraining pipeline updates.
Cobra Malware Detector,Implement a computer vision system for quality inspection.,High throughput requirements with small engineering team.,Scaling bottlenecks appeared during stress testing.,Incremental deployment reduced operational risk.,Project was paused pending additional security review.
Pioneer Forecast Engine,Build a real-time dashboard for sensor telemetry.,Edge-device deployment with restricted memory usage.,Network congestion created synchronization failures.,Caching reduced latency significantly under production load.,System achieved stable real-time performance in testing.
Cascade API Gateway,Design a recommendation engine for engineering workflows.,Edge-device deployment with restricted memory usage.,Network congestion created synchronization failures.,Incremental deployment reduced operational risk.,Prototype demonstrated feasibility but required additional optimization.
Orbit Resource Planner,Develop an AI system for anomaly detection in operational data.,High throughput requirements with small engineering team.,Model drift caused unstable predictions over time.,Monitoring and logging were essential for debugging failures.,Deployment reduced operational overhead by 15%.
Tempest Operations Assistant,Develop an AI system for anomaly detection in operational data.,Legacy infrastructure compatibility requirements.,Authentication issues delayed deployment integration.,Human review workflows were necessary for trust.,Project improved prediction accuracy after retraining pipeline updates.
Guardian Document Search,Design a recommendation engine for engineering workflows.,Limited GPU resources and tight deployment deadlines.,Frequent API timeouts and incomplete telemetry packets.,Monitoring and logging were essential for debugging failures.,Final deployment improved reliability across multiple teams.
Matrix Loan Evaluator,Design a recommendation engine for engineering workflows.,Large-scale streaming data with inconsistent formatting.,Frequent API timeouts and incomplete telemetry packets.,Monitoring and logging were essential for debugging failures.,Deployment reduced operational overhead by 15%.
Summit AI Tutor,Design a recommendation engine for engineering workflows.,High throughput requirements with small engineering team.,Poor training data quality reduced model accuracy.,Monitoring and logging were essential for debugging failures.,"Successful prototype, but not production-ready due to scaling issues."
